<?xml version="1.0" encoding="UTF-8"?>
<!DOCTYPE log4j:configuration SYSTEM "log4j.dtd">

<log4j:configuration xmlns:log4j="http://jakarta.apache.org/log4j/" debug="false">

<!--   <appender name="FILE" class="org.apache.log4j.FileAppender"> -->
   <appender name="FILE" class="org.apache.log4j.RollingFileAppender">
      <param name="File" value="server.log"/>
      <param name="Append" value="true"/>
      <param name="maxFileSize" value="10MB"/>
      <param name="maxBackupIndex" value="10"/>
      <param name="immediateFlush" value="true"/>
      <!--
      <param name="bufferedIO" value="true" />
      <param name="bufferSize" value="1024" />
       -->
      
      <layout class="org.apache.log4j.PatternLayout">
         <!-- The default pattern: Date Priority (Thread) [Category] Message\n -->
         <param name="ConversionPattern" value="%d %-5p (%t) [%c] %m%n"/>
         <!-- param name="ConversionPattern" value="%-5p | %d | (%t) | [%c] | %m %n"/ -->
      </layout>
   </appender>

   <!-- ============================== -->
   <!-- Append messages to the console -->
   <!-- ============================== -->

   <appender name="CONSOLE" class="org.apache.log4j.ConsoleAppender">
      <param name="Target" value="System.out"/>
      <param name="Threshold" value="INFO"/>

      <layout class="org.apache.log4j.PatternLayout">
         <!-- The default pattern: Date Priority [Category] Message\n -->
         <param name="ConversionPattern" value="%d{ABSOLUTE} | %-5p | [%c{1}] | %m%n"/>
      </layout>
   </appender>

   
   <!-- ========================================== -->
   <!-- Limit categories that can be a bit verbose -->
   <!-- ========================================== -->

   <category name="com.atomikos">
     <priority value="ERROR"/>
   </category>
   
   <category name="org.apache.catalina">
     <priority value="INFO"/>
   </category>
      
   <category name="org.apache.commons.digester">
     <priority value="INFO"/>
   </category>
   
   <category name="org.apache.jackrabbit.core">
     <priority value="INFO"/>
   </category>
   
   <category name="org.apache.tomcat.util">
     <priority value="INFO"/>
   </category>

   <category name="org.jasig.cas.services.DefaultServicesManagerImpl">
      <priority value="WARN"/>
   </category>

   <category name="org.jasig.cas.ticket.registry.support.DefaultTicketRegistryCleaner">
      <priority value="WARN"/>
   </category>
      
   <category name="org.jgroups">
     <priority value="ERROR"/>
   </category>
      
   <!-- ========================================================== -->
   <!-- For specific catalina messages, these are the more verbose -->
   <!-- ========================================================== -->
<!--   
   <category name="org.apache.catalina.authenticator.AuthenticatorBase">
     <priority value="INFO"/>
   </category>
   
   <category name="org.apache.catalina.core.ContainerBase">
     <priority value="INFO"/>
   </category>
   
   <category name="org.apache.catalina.loader">
     <priority value="INFO"/>
   </category>
   
   <category name="org.apache.catalina.realm.RealmBase">
     <priority value="INFO"/>
   </category>

   <category name="org.apache.catalina.startup.ContextConfig">
     <priority value="INFO"/>
   </category>
   
   <category name="org.apache.catalina.startup.HostConfig">
     <priority value="INFO"/>
   </category>
   
   <category name="org.apache.catalina.util.LifecycleBase">
     <priority value="INFO"/>
   </category>
   
-->   
   
   <!-- ======================= -->
   <!-- Setup the Root category -->
   <!-- ======================= -->

   <root>
      <priority value="WARN"/>
      <appender-ref ref="CONSOLE"/>
      <appender-ref ref="FILE"/>
   </root>

</log4j:configuration>